time,lat,lng,alt,speed,zSpeed,battery,batteryPercent,throttle,satellites
0.0,51.515473,31.3064429,11.966,0.01,-2.44,11.5,98,41,10
0.9,51.515473,31.3064429,13.094,0.01,-2.02,11.5,98,39,10
0.9,51.515473,31.3064429,13.972,0.01,-1.47,11.5,98,36,10
0.9,51.515473,31.3064429,14.574,0.01,-0.94,11.5,97,35,10
0.9,51.515473,31.306443,14.918,0.01,-0.43,11.5,97,35,10
0.9,51.515473,31.306443,15.014,0.01,0.0,11.5,97,34,10
0.9,51.515473,31.3064431,14.998,0.04,0.0,11.5,97,36,10
1.0,51.5154731,31.306444,14.991,0.28,-0.03,11.5,97,38,10
1.5,51.5154737,31.3064472,15.005,0.7,-0.07,11.5,97,38,10
2.1,51.515475,31.3064538,15.038,1.29,-0.1,11.5,97,38,10
2.5,51.515477,31.306465,15.089,2.04,-0.13,11.5,97,38,10
3.0,51.5154799,31.306482,15.165,2.98,-0.18,11.5,96,39,10
3.7,51.5154842,31.3065061,15.27,4.04,-0.24,11.5,96,40,10
4.0,51.5154898,31.3065376,15.408,5.09,-0.29,11.5,96,41,10
4.5,51.5154967,31.3065762,15.572,6.16,-0.34,11.5,96,41,10
5.1,51.515505,31.3066223,15.762,7.2,-0.4,11.5,96,43,10
5.5,51.5155144,31.3066748,15.978,8.04,-0.44,11.5,96,44,10
6.0,51.5155248,31.3067332,16.212,8.7,-0.47,11.5,96,44,10
6.7,51.5155359,31.3067951,16.456,9.17,-0.49,11.5,95,44,10
7.0,51.5155476,31.3068599,16.709,9.45,-0.5,11.5,95,44,10
7.5,51.5155595,31.3069262,16.967,9.52,-0.51,11.5,95,44,10
8.1,51.5155716,31.3069934,17.225,9.57,-0.5,11.5,95,43,10
8.5,51.5155837,31.3070604,17.482,9.65,-0.5,11.5,95,43,10
9.0,51.5155957,31.3071278,17.741,9.71,-0.51,11.5,95,43,10
9.7,51.5156079,31.3071956,18.003,9.75,-0.51,11.5,95,43,10
10.0,51.5156201,31.3072642,18.269,9.78,-0.51,11.5,94,43,10
10.5,51.5156324,31.3073324,18.533,9.8,-0.51,11.5,94,43,10
11.2,51.5156446,31.3074007,18.798,9.84,-0.51,11.5,94,43,10
11.5,51.5156568,31.3074686,19.061,9.87,-0.51,11.5,94,44,10
12.0,51.5156691,31.3075376,19.329,9.9,-0.52,11.5,94,44,10
12.6,51.5156815,31.3076064,19.596,9.92,-0.52,11.5,94,44,10
13.0,51.5156938,31.3076753,19.864,9.93,-0.52,11.5,93,44,10
13.5,51.5157062,31.3077442,20.132,9.93,-0.52,11.5,93,44,10
14.1,51.5157187,31.3078134,20.402,9.94,-0.53,11.5,93,44,10
14.5,51.5157311,31.3078829,20.673,9.93,-0.53,11.5,93,44,10
15.0,51.5157435,31.3079519,20.942,9.94,-0.53,11.5,93,44,10
15.6,51.5157559,31.3080208,21.211,9.94,-0.53,11.5,93,44,10
16.0,51.5157682,31.3080897,21.481,9.95,-0.53,11.5,93,44,10
16.5,51.5157807,31.3081591,21.752,9.96,-0.53,11.5,92,44,10
17.1,51.5157931,31.3082283,22.02,9.97,-0.53,11.5,92,44,10
17.5,51.5158056,31.3082976,22.29,9.98,-0.53,11.5,92,44,10
18.0,51.515818,31.3083669,22.561,9.97,-0.54,11.5,92,44,10
18.6,51.5158306,31.3084366,22.833,9.96,-0.54,11.5,92,44,10
19.0,51.515843,31.3085058,23.104,9.96,-0.54,11.5,92,44,10
19.5,51.5158554,31.3085748,23.374,9.96,-0.54,11.5,92,44,10
20.1,51.5158678,31.3086441,23.645,9.97,-0.54,11.5,91,44,10
20.5,51.5158803,31.3087137,23.919,9.96,-0.54,11.5,91,44,10
21.0,51.5158927,31.3087826,24.19,9.97,-0.53,11.5,91,44,10
21.6,51.5159051,31.3088517,24.46,9.99,-0.54,11.5,91,44,10
22.0,51.5159175,31.308921,24.73,10.0,-0.54,11.5,91,44,10
22.5,51.5159301,31.308991,25.002,9.99,-0.54,11.5,91,44,10
23.3,51.5159425,31.3090603,25.273,9.98,-0.54,11.5,91,44,10
23.5,51.515955,31.3091298,25.545,9.98,-0.54,11.5,90,44,10
24.0,51.5159674,31.3091989,25.815,9.97,-0.54,11.5,90,44,10
24.6,51.5159799,31.3092688,26.089,9.97,-0.54,11.5,90,44,10
25.0,51.5159924,31.3093381,26.362,9.96,-0.54,11.5,90,44,10
25.5,51.5160048,31.3094074,26.634,9.96,-0.54,11.5,90,44,10
26.3,51.5160172,31.3094762,26.905,9.95,-0.54,11.5,90,44,10
26.5,51.5160296,31.3095455,27.177,9.97,-0.54,11.5,90,44,10
27.0,51.5160421,31.3096146,27.448,9.99,-0.54,11.5,89,44,10
27.6,51.5160545,31.3096838,27.719,10.0,-0.54,11.5,89,44,10
28.0,51.5160669,31.3097531,27.99,10.01,-0.54,11.5,89,44,10
28.5,51.5160794,31.3098229,28.261,9.99,-0.54,11.5,89,44,10
29.2,51.516092,31.3098927,28.534,9.98,-0.54,11.5,89,44,10
29.5,51.5161044,31.3099619,28.805,9.97,-0.54,11.5,89,44,10
30.0,51.5161168,31.3100311,29.075,9.97,-0.54,11.5,89,44,10
30.6,51.5161292,31.3101004,29.348,9.97,-0.54,11.5,88,44,10
31.0,51.5161417,31.3101701,29.622,9.96,-0.54,11.5,88,44,10
31.5,51.5161541,31.3102391,29.894,9.96,-0.54,11.5,88,44,10
32.2,51.5161666,31.3103082,30.165,9.97,-0.54,11.5,88,44,10
32.5,51.5161789,31.3103773,30.435,9.98,-0.54,11.5,88,44,10
33.0,51.5161914,31.3104468,30.707,9.99,-0.54,11.5,88,44,10
33.6,51.5162038,31.310516,30.978,10.0,-0.54,11.5,88,44,10
34.0,51.5162163,31.3105853,31.249,10.0,-0.54,11.5,87,44,10
34.5,51.5162288,31.3106546,31.521,10.0,-0.54,11.5,87,44,10
35.2,51.5162413,31.3107246,31.795,9.99,-0.54,11.5,87,44,10
35.5,51.5162537,31.3107939,32.066,9.98,-0.54,11.5,87,44,10
36.0,51.5162662,31.3108633,32.338,9.98,-0.54,11.5,87,44,10
36.7,51.5162785,31.3109321,32.61,9.97,-0.54,11.5,87,44,10
37.0,51.516291,31.3110017,32.883,9.98,-0.54,11.5,87,44,10
37.5,51.5163034,31.311071,33.154,9.99,-0.54,11.5,86,44,10
38.2,51.5163159,31.3111404,33.425,10.0,-0.54,11.5,86,44,10
38.5,51.5163283,31.3112094,33.695,9.99,-0.54,11.5,86,44,10
39.0,51.5163409,31.3112794,33.969,9.99,-0.54,11.5,86,44,10
39.7,51.5163533,31.3113488,34.241,9.98,-0.54,11.5,86,44,10
40.0,51.5163657,31.3114179,34.512,9.97,-0.54,11.5,86,44,10
40.5,51.5163781,31.311487,34.783,9.97,-0.54,11.5,86,44,10
41.1,51.5163906,31.3115565,35.056,9.97,-0.54,11.5,85,44,10
41.5,51.516403,31.3116259,35.33,9.97,-0.54,11.5,85,44,10
42.0,51.5164154,31.3116948,35.6,9.98,-0.54,11.5,85,44,10
42.7,51.5164278,31.3117641,35.871,10.0,-0.54,11.5,85,44,10
43.0,51.5164403,31.3118335,36.142,10.0,-0.54,11.5,85,44,10
43.5,51.5164528,31.3119033,36.414,9.99,-0.54,11.5,85,44,10
44.1,51.5164653,31.3119725,36.685,9.99,-0.54,11.5,85,44,10
44.5,51.5164777,31.3120417,36.956,9.99,-0.54,11.5,84,44,10
45.0,51.5164902,31.3121111,37.227,9.98,-0.54,11.5,84,44,10
45.6,51.5165027,31.312181,37.502,9.97,-0.54,11.5,84,44,10
46.0,51.5165151,31.3122502,37.774,9.97,-0.54,11.5,84,44,10
46.5,51.5165275,31.3123194,38.046,9.97,-0.54,11.5,84,44,10
47.1,51.5165399,31.3123882,38.316,9.97,-0.54,11.5,84,44,10
47.5,51.5165523,31.3124577,38.589,9.98,-0.54,11.5,84,44,10
48.0,51.5165647,31.3125267,38.86,10.0,-0.54,11.5,83,44,10
48.7,51.5165772,31.3125962,39.133,10.01,-0.54,11.5,83,44,10
49.0,51.5165897,31.3126654,39.402,10.01,-0.54,11.5,83,44,10
49.5,51.5166022,31.3127355,39.674,10.0,-0.54,11.5,83,44,10
50.2,51.5166147,31.312805,39.946,9.98,-0.54,11.5,83,44,10
50.5,51.5166271,31.3128744,40.217,9.97,-0.54,11.5,83,44,10
51.0,51.5166395,31.3129434,40.488,9.96,-0.54,11.5,82,44,10
51.7,51.516652,31.3130132,40.763,9.96,-0.54,11.5,82,44,10
52.0,51.5166644,31.3130824,41.035,9.96,-0.54,11.5,82,44,10
52.5,51.5166768,31.3131514,41.306,9.97,-0.54,11.5,82,44,10
53.1,51.5166892,31.3132204,41.577,9.97,-0.54,11.5,82,44,10
53.5,51.5167017,31.3132895,41.847,9.98,-0.54,11.5,82,44,10
54.0,51.5167141,31.3133591,42.119,9.99,-0.54,11.5,82,44,10
54.6,51.5167266,31.3134283,42.39,10.0,-0.54,11.5,81,44,10
55.0,51.516739,31.3134976,42.662,10.0,-0.54,11.5,81,44,10
55.5,51.5167515,31.3135671,42.934,10.0,-0.54,11.5,81,44,10
56.2,51.516764,31.3136369,43.208,9.99,-0.54,11.5,81,44,10
56.5,51.5167764,31.3137062,43.479,9.98,-0.54,11.5,81,44,10
57.0,51.5167889,31.3137754,43.751,9.98,-0.54,11.5,81,44,10
57.7,51.5168012,31.3138445,44.023,9.97,-0.54,11.5,81,44,10
58.0,51.5168137,31.313914,44.296,9.98,-0.54,11.5,80,44,10
58.5,51.5168261,31.3139832,44.566,9.99,-0.54,11.5,80,44,10
59.1,51.5168386,31.3140524,44.836,10.0,-0.54,11.5,80,44,10
59.5,51.516851,31.3141218,45.108,9.99,-0.54,11.5,80,44,10
60.0,51.5168636,31.3141917,45.381,9.99,-0.54,11.5,80,44,10
60.7,51.516876,31.314261,45.653,9.98,-0.54,11.5,80,44,10
61.0,51.5168884,31.3143304,45.925,9.98,-0.54,11.5,80,44,10
61.5,51.5169008,31.3143994,46.196,9.97,-0.54,11.5,79,44,10
62.2,51.5169134,31.3144693,46.471,9.97,-0.54,11.5,79,44,10
62.5,51.5169258,31.3145383,46.742,9.96,-0.54,11.5,79,44,10
63.0,51.5169381,31.3146073,47.014,9.98,-0.53,11.5,79,44,10
63.7,51.5169505,31.3146763,47.283,10.0,-0.54,11.5,79,44,10
64.0,51.5169631,31.3147462,47.555,10.0,-0.54,11.5,79,44,10
64.5,51.5169755,31.3148155,47.826,9.99,-0.54,11.5,79,44,10
65.2,51.516988,31.3148848,48.097,9.99,-0.54,11.5,78,44,10
65.5,51.5170004,31.314954,48.368,9.99,-0.54,11.5,78,44,10
66.0,51.5170128,31.3150231,48.642,9.82,-0.54,11.5,78,44,10
66.7,51.5170247,31.3150912,48.906,9.59,-0.5,11.5,78,42,10
67.0,51.5170356,31.3151575,49.149,9.38,-0.46,11.5,78,42,10
67.5,51.5170451,31.3152228,49.366,9.15,-0.4,11.5,78,41,10
68.1,51.5170527,31.3152868,49.554,8.93,-0.33,11.5,78,41,10
68.5,51.5170582,31.3153506,49.704,8.87,-0.26,11.5,77,40,10
69.0,51.5170612,31.3154144,49.82,8.87,-0.2,11.5,77,41,10
69.7,51.5170619,31.3154784,49.903,8.88,-0.13,11.5,77,41,10
70.0,51.5170605,31.3155432,49.953,9.07,-0.07,11.5,77,41,10
70.5,51.5170569,31.31561,49.98,9.29,-0.04,11.5,77,42,10
71.2,51.5170519,31.3156775,49.992,9.49,-0.01,11.5,77,42,10
71.5,51.5170459,31.3157462,49.995,9.68,0.0,11.5,77,42,10
72.0,51.5170394,31.3158159,49.995,9.82,0.0,11.5,76,42,10
72.7,51.5170328,31.3158869,49.996,9.9,0.0,11.5,76,43,10
73.0,51.5170262,31.3159577,49.998,9.96,0.0,11.5,76,42,10
73.5,51.5170197,31.3160291,49.998,10.0,0.0,11.5,76,42,10
74.2,51.5170132,31.3160999,49.999,10.01,0.0,11.5,76,42,10
74.5,51.5170067,31.3161718,50.0,10.03,0.0,11.5,76,42,10
75.0,51.5170003,31.3162434,50.0,10.04,0.0,11.5,76,42,10
75.7,51.516994,31.3163152,50.001,10.05,0.0,11.5,75,42,10
76.0,51.5169877,31.3163867,50.001,10.06,0.0,11.5,75,42,10
76.5,51.5169814,31.3164591,50.001,10.06,0.0,11.5,75,42,10
77.2,51.5169751,31.3165311,50.001,10.05,0.0,11.5,75,42,10
77.5,51.5169689,31.3166029,50.001,10.05,0.0,11.5,75,42,10
78.0,51.5169627,31.3166745,50.001,10.04,0.0,11.5,75,42,10
78.7,51.5169565,31.3167462,50.0,10.03,0.0,11.5,75,42,10
79.0,51.5169502,31.3168181,50.001,10.03,0.0,11.5,75,42,10
79.5,51.516944,31.3168897,50.002,10.03,0.0,11.5,74,42,10
80.2,51.5169378,31.3169613,50.003,10.02,0.0,11.5,74,42,10
80.5,51.5169316,31.317033,50.003,10.01,0.0,11.5,74,42,10
81.0,51.5169254,31.3171051,50.002,10.0,0.0,11.5,74,42,10
81.7,51.5169192,31.3171765,50.001,9.99,0.0,11.5,74,42,10
82.0,51.516913,31.3172479,50.001,9.98,0.0,11.5,74,42,10
82.5,51.5169069,31.3173193,50.0,9.97,0.0,11.5,74,42,10
83.1,51.5169006,31.3173912,50.0,9.96,0.0,11.5,73,42,10
83.5,51.5168945,31.3174622,50.0,9.96,0.0,11.5,73,42,10
84.0,51.5168884,31.3175334,49.999,9.98,0.0,11.5,73,42,10
84.6,51.5168822,31.3176047,50.0,9.99,0.0,11.5,73,42,10
85.0,51.516876,31.3176768,50.0,10.0,0.0,11.5,73,42,10
85.5,51.5168698,31.3177483,50.0,9.99,0.0,11.5,73,42,10
86.2,51.5168636,31.3178201,50.0,9.99,0.0,11.5,73,42,10
86.5,51.5168575,31.3178912,50.0,9.98,0.0,11.5,72,42,10
87.0,51.5168512,31.3179633,50.0,9.97,0.0,11.5,72,42,10
87.7,51.5168451,31.3180348,50.001,9.96,0.0,11.5,72,42,10
88.0,51.5168389,31.3181062,50.001,9.95,0.0,11.5,72,42,10
88.5,51.5168328,31.3181771,50.001,9.95,0.0,11.5,72,42,10
89.1,51.5168266,31.3182487,50.0,9.96,0.0,11.5,72,42,10
89.5,51.5168205,31.3183198,50.0,9.98,0.0,11.5,72,42,10
90.0,51.5168143,31.3183911,49.999,10.01,0.0,11.5,71,42,10
90.7,51.5168082,31.3184624,50.0,10.01,0.0,11.5,71,42,10
91.0,51.5168019,31.3185343,50.0,10.01,0.0,11.5,71,42,10
91.5,51.5167957,31.3186065,50.0,9.98,0.0,11.5,71,42,10
92.2,51.5167896,31.318678,50.0,9.97,0.0,11.5,71,42,10
92.5,51.5167834,31.3187493,50.0,9.96,0.0,11.5,71,42,10
93.1,51.5167772,31.3188208,50.0,9.96,0.0,11.5,71,42,10
93.7,51.516771,31.3188925,50.0,9.95,0.0,11.5,70,42,10
94.0,51.5167649,31.3189637,50.0,9.96,0.0,11.5,70,42,10
94.5,51.5167587,31.3190349,50.0,9.96,0.0,11.5,70,42,10
95.1,51.5167526,31.3191059,50.001,9.97,0.0,11.5,70,42,10
95.5,51.5167464,31.3191776,50.0,9.99,0.0,11.5,70,42,10
96.1,51.5167403,31.3192491,50.0,10.01,0.0,11.5,70,42,10
96.7,51.5167341,31.3193206,50.0,10.01,0.0,11.5,70,42,10
97.0,51.5167279,31.3193921,50.0,10.0,0.0,11.5,69,42,10
97.5,51.5167217,31.3194642,50.001,9.99,0.0,11.5,69,42,10
98.1,51.5167155,31.3195356,50.002,9.97,0.0,11.5,69,42,10
98.5,51.5167094,31.3196068,50.003,9.91,0.0,11.5,69,42,10
99.0,51.5167033,31.3196768,50.008,9.61,0.0,11.5,69,41,10
99.7,51.5166975,31.3197441,50.01,9.08,0.0,11.5,69,40,10
100.0,51.516692,31.3198066,50.009,8.31,0.0,11.5,69,38,10
100.5,51.5166871,31.3198628,50.003,7.31,0.01,11.5,68,37,10
101.2,51.5166822,31.3199109,49.994,6.18,0.02,11.5,68,37,10
101.6,51.5166763,31.3199513,49.988,5.14,0.0,11.5,68,37,10
102.1,51.5166684,31.3199831,49.989,4.32,0.0,11.5,68,38,10
102.8,51.5166574,31.320007,49.993,3.98,0.0,11.5,68,38,10
103.0,51.5166423,31.3200244,49.999,4.42,0.0,11.5,68,39,10
103.5,51.5166221,31.3200378,50.003,5.26,0.0,11.5,68,40,10
104.2,51.5165972,31.3200491,50.004,6.28,0.0,11.5,68,40,10
104.6,51.5165676,31.3200604,50.004,7.37,0.0,11.5,67,42,10
105.1,51.5165336,31.3200731,50.006,8.24,0.0,11.5,67,43,10
105.7,51.5164963,31.3200872,50.008,8.83,0.0,11.5,67,43,10
106.0,51.5164566,31.3201022,50.009,9.23,0.0,11.5,67,43,10
106.5,51.5164156,31.3201178,50.009,9.51,0.0,11.5,67,43,10
107.2,51.5163738,31.3201342,50.008,9.66,0.0,11.5,67,42,10
107.5,51.5163314,31.3201513,50.007,9.78,0.0,11.5,67,42,10
108.0,51.5162882,31.320169,50.007,9.84,0.0,11.5,66,42,10
108.7,51.5162454,31.3201868,50.007,9.86,0.0,11.5,66,42,10
109.1,51.5162026,31.3202047,50.007,9.85,0.0,11.5,66,42,10
109.6,51.5161601,31.3202226,50.006,9.85,0.0,11.5,66,42,10
110.3,51.5161171,31.3202406,50.005,9.87,0.0,11.5,66,42,10
110.5,51.5160743,31.3202586,50.004,9.89,0.0,11.5,66,42,10
111.0,51.5160314,31.3202766,50.003,9.91,0.0,11.5,66,42,10
111.7,51.5159883,31.3202948,50.003,9.93,0.0,11.5,65,42,10
112.1,51.5159448,31.3203132,50.003,9.93,0.0,11.5,65,42,10
112.6,51.5159016,31.3203314,50.003,9.92,0.0,11.5,65,42,10
113.2,51.5158584,31.3203497,50.003,9.92,0.0,11.5,65,42,10
113.6,51.5158153,31.3203679,50.003,9.92,0.0,11.5,65,42,10
114.1,51.5157719,31.3203863,50.003,9.92,0.0,11.5,65,42,10
114.7,51.5157287,31.3204045,50.002,9.92,0.0,11.5,65,42,10
115.0,51.5156856,31.3204227,50.002,9.94,0.0,11.5,64,42,10
115.5,51.5156426,31.3204409,50.001,9.95,0.0,11.5,64,42,10
116.2,51.5155994,31.3204592,50.0,9.98,0.0,11.5,64,42,10
116.5,51.5155558,31.3204777,50.0,9.99,0.0,11.5,64,42,10
117.1,51.5155124,31.3204961,50.0,9.99,0.0,11.5,64,42,10
117.7,51.515469,31.3205144,50.0,9.99,0.0,11.5,64,42,10
118.1,51.5154255,31.3205328,50.0,9.98,0.0,11.5,64,42,10
118.6,51.5153819,31.3205513,50.0,9.97,0.0,11.5,63,42,10
119.2,51.5153385,31.3205696,50.0,9.96,0.0,11.5,63,42,10
119.5,51.5152952,31.3205879,50.0,9.96,0.0,11.5,63,42,10
120.0,51.5152521,31.3206062,49.999,9.96,0.0,11.5,63,42,10
120.7,51.5152085,31.3206246,49.999,9.98,0.0,11.5,63,42,10
121.0,51.5151651,31.320643,50.0,9.99,0.0,11.5,63,42,10
121.5,51.5151217,31.3206614,50.001,9.99,0.0,11.5,63,42,10
122.2,51.5150783,31.3206797,50.002,9.98,0.0,11.5,62,42,10
122.6,51.5150345,31.3206982,50.002,9.98,0.0,11.5,62,42,10
123.1,51.5149912,31.3207166,50.002,9.97,0.0,11.5,62,42,10
123.7,51.5149479,31.3207349,50.001,9.97,0.0,11.5,62,42,10
124.0,51.5149044,31.3207533,50.001,9.96,0.0,11.5,62,42,10
124.5,51.5148611,31.3207716,50.004,9.76,-0.01,11.5,62,42,10
125.2,51.5148196,31.3207891,50.008,9.3,0.0,11.5,62,40,10
125.5,51.5147805,31.3208055,50.01,8.65,0.0,11.5,61,39,10
126.0,51.5147448,31.3208205,50.006,7.76,0.01,11.5,61,38,10
126.7,51.514713,31.3208336,49.997,6.6,0.02,11.5,61,37,10
127.1,51.5146865,31.3208431,49.989,5.41,0.01,11.5,61,37,10
127.6,51.5146647,31.3208473,49.989,4.29,0.0,11.5,61,38,10
128.2,51.5146473,31.3208445,49.997,3.47,-0.02,11.5,61,38,10
128.6,51.5146337,31.320833,50.011,3.46,-0.02,11.5,61,39,10
129.1,51.5146223,31.320812,50.028,4.27,-0.03,11.5,61,40,10
129.7,51.5146116,31.3207818,50.046,5.33,-0.03,11.5,60,40,10
130.0,51.5146005,31.3207434,50.065,6.46,-0.03,11.5,60,41,10
130.5,51.5145879,31.3206973,50.087,7.55,-0.04,11.5,60,42,10
131.2,51.5145732,31.3206448,50.115,8.37,-0.05,11.5,60,43,10
131.6,51.5145573,31.3205881,50.143,8.93,-0.05,11.5,60,43,10
132.1,51.5145404,31.3205282,50.171,9.31,-0.05,11.5,60,43,10
132.7,51.5145228,31.3204662,50.198,9.56,-0.05,11.5,60,43,10
133.1,51.5145043,31.3204025,50.227,9.68,-0.05,11.5,59,43,10
133.6,51.5144857,31.320339,50.254,9.76,-0.05,11.5,59,42,10
134.2,51.5144667,31.3202752,50.282,9.81,-0.05,11.5,59,42,10
134.6,51.5144475,31.3202112,50.31,9.82,-0.05,11.5,59,42,10
135.1,51.5144282,31.3201468,50.339,9.83,-0.05,11.5,59,42,10
135.7,51.5144091,31.320083,50.367,9.84,-0.05,11.5,59,42,10
136.1,51.5143899,31.3200192,50.395,9.85,-0.05,11.5,59,42,10
136.6,51.5143708,31.3199555,50.423,9.88,-0.05,11.5,58,42,10
137.3,51.5143513,31.319891,50.452,9.91,-0.05,11.5,58,42,10
137.6,51.5143319,31.3198266,50.481,9.92,-0.05,11.5,58,42,10
138.1,51.5143125,31.319762,50.511,9.93,-0.05,11.5,58,42,10
138.7,51.514293,31.3196976,50.54,9.94,-0.05,11.5,58,42,10
139.0,51.5142734,31.3196325,50.57,9.92,-0.05,11.5,58,42,10
139.6,51.5142539,31.3195679,50.6,9.92,-0.05,11.5,58,42,10
140.2,51.5142345,31.3195034,50.629,9.94,-0.05,11.5,57,42,10
140.6,51.514215,31.319439,50.659,9.94,-0.05,11.5,57,42,10
141.1,51.5141955,31.3193744,50.688,9.95,-0.05,11.5,57,42,10
141.7,51.5141759,31.3193094,50.718,9.97,-0.05,11.5,57,43,10
142.1,51.5141563,31.3192447,50.748,9.98,-0.05,11.5,57,43,10
142.6,51.5141367,31.3191799,50.778,9.98,-0.05,11.5,57,42,10
143.2,51.5141171,31.3191149,50.808,9.97,-0.05,11.5,57,42,10
143.6,51.5140974,31.3190496,50.838,9.96,-0.05,11.5,56,42,10
144.1,51.5140779,31.3189848,50.868,9.96,-0.05,11.5,56,42,10
144.7,51.5140583,31.3189201,50.898,9.96,-0.05,11.5,56,42,10
145.1,51.5140387,31.3188552,50.927,9.96,-0.05,11.5,56,42,10
145.6,51.514019,31.3187901,50.957,9.95,-0.05,11.5,56,42,10
146.2,51.5139996,31.3187256,50.987,9.96,-0.05,11.5,56,42,10
146.6,51.5139801,31.318661,51.016,9.98,-0.05,11.5,56,43,10
147.1,51.5139605,31.3185962,51.046,9.99,-0.05,11.5,55,43,10
147.7,51.5139407,31.3185307,51.077,9.99,-0.06,11.5,55,43,10
148.1,51.5139211,31.3184658,51.107,9.98,-0.05,11.5,55,42,10
148.6,51.5139015,31.3184009,51.137,9.98,-0.05,11.5,55,42,10
149.2,51.5138819,31.3183358,51.167,9.96,-0.05,11.5,55,42,10
149.6,51.5138621,31.3182704,51.197,9.96,-0.05,11.5,55,42,10
150.1,51.5138425,31.3182055,51.227,9.95,-0.05,11.5,55,42,10
150.7,51.513823,31.3181407,51.257,9.95,-0.05,11.5,55,42,10
151.1,51.5138035,31.3180764,51.287,9.95,-0.05,11.5,54,42,10
151.6,51.5137839,31.3180114,51.316,9.97,-0.05,11.5,54,42,10
152.2,51.5137644,31.3179467,51.345,9.99,-0.05,11.5,54,43,10
152.6,51.5137448,31.3178819,51.375,10.0,-0.05,11.5,54,43,10
153.1,51.5137252,31.3178171,51.406,10.0,-0.05,11.5,54,43,10
153.7,51.5137055,31.3177518,51.436,10.0,-0.05,11.5,54,42,10
154.1,51.5136857,31.3176862,51.467,9.98,-0.05,11.5,54,42,10
154.6,51.5136661,31.3176213,51.497,9.96,-0.05,11.5,53,42,10
155.2,51.5136466,31.3175565,51.526,9.96,-0.05,11.5,53,42,10
155.6,51.513627,31.3174916,51.556,9.96,-0.05,11.5,53,42,10
156.1,51.5136073,31.3174265,51.586,9.95,-0.05,11.5,53,42,10
156.7,51.5135878,31.3173618,51.616,9.96,-0.05,11.5,53,42,10
157.1,51.5135683,31.3172972,51.645,9.96,-0.05,11.5,53,42,10
157.6,51.5135488,31.3172327,51.675,9.97,-0.05,11.5,53,42,10
158.2,51.5135291,31.3171674,51.705,9.99,-0.05,11.5,52,43,10
158.6,51.5135095,31.3171026,51.735,9.99,-0.05,11.5,52,43,10
159.1,51.5134898,31.3170376,51.765,9.99,-0.05,11.5,52,42,10
159.7,51.5134702,31.3169725,51.796,9.98,-0.05,11.5,52,42,10
160.1,51.5134505,31.3169072,51.826,9.94,-0.06,11.5,52,42,10
160.6,51.5134312,31.3168431,51.86,9.71,-0.06,11.5,52,42,10
161.2,51.5134125,31.3167813,51.892,9.24,-0.06,11.5,52,40,10
161.6,51.5133951,31.3167233,51.92,8.54,-0.04,11.5,51,39,10
162.1,51.5133792,31.3166702,51.939,7.6,-0.02,11.5,51,38,10
162.7,51.5133654,31.3166242,51.95,6.41,-0.01,11.5,51,37,10
163.1,51.5133545,31.316586,51.957,5.1,-0.01,11.5,51,37,10
163.6,51.5133475,31.3165559,51.965,3.72,-0.01,11.5,51,38,10
164.2,51.5133457,31.3165334,51.976,2.49,-0.02,11.5,51,39,10
164.6,51.51335,31.3165183,51.984,2.36,0.0,11.5,51,39,10
165.1,51.5133612,31.3165084,51.984,3.44,0.0,11.5,50,40,10
165.7,51.5133791,31.3165015,51.978,4.74,0.01,11.5,50,41,10
166.1,51.5134028,31.3164954,51.965,5.92,0.02,11.5,50,41,10
166.6,51.5134315,31.3164885,51.948,7.01,0.03,11.5,50,41,10
167.2,51.5134646,31.3164799,51.929,7.95,0.03,11.5,50,42,10
167.6,51.5135012,31.31647,51.91,8.63,0.04,11.5,50,43,10
168.1,51.5135404,31.3164592,51.889,9.09,0.04,11.5,50,42,10
168.7,51.5135817,31.3164478,51.866,9.41,0.04,11.5,49,42,10
169.1,51.5136237,31.3164359,51.843,9.58,0.04,11.5,49,42,10
169.6,51.5136663,31.3164235,51.821,9.65,0.04,11.5,49,42,10
170.2,51.5137091,31.3164108,51.798,9.7,0.04,11.5,49,42,10
170.6,51.5137524,31.3163978,51.775,9.75,0.04,11.5,49,42,10
171.1,51.5137955,31.3163847,51.753,9.78,0.04,11.5,49,42,10
171.7,51.5138387,31.3163716,51.73,9.8,0.04,11.5,49,42,10
172.1,51.5138818,31.3163584,51.708,9.82,0.04,11.5,49,42,10
172.6,51.5139254,31.3163451,51.684,9.87,0.04,11.5,48,42,10
173.2,51.5139687,31.3163317,51.662,9.9,0.04,11.5,48,42,10
173.6,51.5140123,31.3163183,51.639,9.93,0.04,11.5,48,42,10
174.1,51.5140562,31.3163047,51.616,9.94,0.04,11.5,48,42,10
174.7,51.5141004,31.3162911,51.593,9.93,0.04,11.5,48,42,10
175.1,51.5141443,31.3162775,51.57,9.92,0.04,11.5,48,42,10
175.6,51.5141882,31.3162639,51.546,9.93,0.05,11.5,48,42,10
176.2,51.5142319,31.3162504,51.522,9.93,0.04,11.5,47,42,10
176.6,51.5142761,31.3162367,51.499,9.93,0.04,11.5,47,42,10
177.1,51.51432,31.3162231,51.475,9.94,0.04,11.5,47,42,10
177.7,51.5143638,31.3162095,51.452,9.94,0.04,11.5,47,42,10
178.1,51.5144075,31.316196,51.428,9.95,0.05,11.5,47,42,10
178.6,51.5144514,31.3161824,51.404,9.97,0.04,11.5,47,42,10
179.2,51.5144957,31.3161687,51.38,9.98,0.04,11.5,47,42,10
179.6,51.5145397,31.316155,51.358,9.99,0.04,11.5,46,42,10
180.1,51.5145838,31.3161414,51.334,9.98,0.04,11.5,46,42,10
180.7,51.5146279,31.3161277,51.311,9.97,0.04,11.5,46,42,10
181.1,51.5146723,31.316114,51.287,9.97,0.04,11.5,46,42,10
181.6,51.5147163,31.3161004,51.263,9.96,0.04,11.5,46,42,10
182.2,51.5147603,31.3160868,51.24,9.96,0.04,11.5,46,42,10
182.6,51.5148041,31.3160732,51.216,9.96,0.05,11.5,46,42,10
183.1,51.5148484,31.3160595,51.191,9.98,0.04,11.5,45,42,10
183.8,51.5148924,31.3160458,51.168,9.99,0.04,11.5,45,42,10
184.1,51.5149365,31.3160322,51.145,9.99,0.04,11.5,45,42,10
184.6,51.5149806,31.3160185,51.122,9.98,0.04,11.5,45,42,10
185.2,51.515025,31.3160048,51.098,9.97,0.04,11.5,45,42,10
185.6,51.515069,31.3159912,51.075,9.96,0.04,11.5,45,42,10
186.1,51.515113,31.3159776,51.051,9.97,0.05,11.5,45,42,10
186.7,51.515157,31.3159639,51.027,9.97,0.04,11.5,44,42,10
187.1,51.5152014,31.3159502,51.004,9.96,0.04,11.5,44,42,10
187.6,51.5152452,31.3159366,50.98,9.97,0.04,11.5,44,42,10
188.2,51.5152892,31.3159229,50.955,9.98,0.04,11.5,44,42,10
188.6,51.5153331,31.3159094,50.932,10.0,0.04,11.5,44,42,10
189.1,51.5153776,31.3158956,50.908,10.0,0.04,11.5,44,42,10
189.7,51.5154217,31.3158819,50.886,9.99,0.04,11.5,44,42,10
190.1,51.5154658,31.3158683,50.862,9.98,0.04,11.5,43,42,10
190.6,51.5155098,31.3158546,50.838,9.97,0.04,11.5,43,42,10
191.2,51.5155541,31.3158409,50.815,9.97,0.04,11.5,43,42,10
191.6,51.5155984,31.3158272,50.791,9.96,0.04,11.5,43,42,10
192.1,51.5156424,31.3158136,50.767,9.96,0.04,11.5,43,42,10
192.7,51.5156863,31.3158,50.743,9.95,0.04,11.5,43,42,10
193.1,51.5157302,31.3157864,50.719,9.96,0.04,11.5,43,42,10
193.6,51.5157743,31.3157727,50.695,9.98,0.04,11.5,42,42,10
194.2,51.5158182,31.3157591,50.672,9.99,0.04,11.5,42,42,10
194.6,51.5158624,31.3157454,50.648,10.0,0.04,11.5,42,42,10
195.1,51.5159066,31.3157317,50.625,9.99,0.04,11.5,42,42,10
195.7,51.5159511,31.3157179,50.602,9.98,0.04,11.5,42,42,10
196.1,51.5159951,31.3157043,50.579,9.97,0.04,11.5,42,42,10
196.6,51.5160391,31.3156907,50.555,9.96,0.04,11.5,42,42,10
197.2,51.5160831,31.3156771,50.531,9.96,0.04,11.5,41,42,10
197.6,51.5161275,31.3156633,50.508,9.96,0.04,11.5,41,42,10
198.1,51.5161715,31.3156497,50.483,9.96,0.04,11.5,41,42,10
198.7,51.5162154,31.3156361,50.46,9.97,0.04,11.5,41,42,10
199.1,51.5162593,31.3156225,50.436,9.97,0.04,11.5,41,42,10
199.6,51.5163035,31.3156088,50.413,9.98,0.04,11.5,41,42,10
200.2,51.5163475,31.3155952,50.389,9.99,0.04,11.5,41,42,10
200.6,51.5163917,31.3155815,50.366,10.0,0.04,11.5,41,42,10
201.1,51.5164356,31.3155679,50.342,9.99,0.04,11.5,40,42,10
201.7,51.5164801,31.3155541,50.318,9.99,0.04,11.5,40,42,10
202.1,51.5165243,31.3155404,50.295,9.98,0.04,11.5,40,42,10
202.6,51.5165683,31.3155268,50.272,9.97,0.04,11.5,40,42,10
203.2,51.5166122,31.3155132,50.248,9.97,0.04,11.5,40,42,10
203.6,51.5166562,31.3154996,50.224,9.97,0.04,11.5,40,42,10
204.1,51.5167004,31.3154859,50.2,9.99,0.04,11.5,40,42,10
204.8,51.5167445,31.3154722,50.176,9.99,0.04,11.5,39,42,10
205.1,51.5167886,31.3154586,50.153,9.98,0.04,11.5,39,42,10
205.6,51.5168327,31.3154449,50.131,9.92,0.03,11.5,39,42,10
206.2,51.5168761,31.3154315,50.113,9.58,0.03,11.5,39,41,10
206.6,51.5169174,31.3154188,50.095,9.02,0.04,11.5,39,39,10
207.1,51.5169557,31.315407,50.073,8.24,0.04,11.5,39,38,10
207.7,51.5169901,31.3153965,50.049,7.2,0.05,11.5,39,37,10
208.1,51.5170195,31.3153876,50.022,5.95,0.04,11.5,38,37,10
208.6,51.5170431,31.3153805,50.004,4.68,0.02,11.5,38,37,10
209.2,51.517061,31.3153751,49.996,3.36,0.0,11.5,38,38,10
209.6,51.5170731,31.3153714,49.997,2.06,0.0,11.5,38,38,10
210.1,51.5170799,31.3153693,49.998,1.02,0.0,11.5,38,38,10
210.7,51.5170827,31.3153684,49.997,0.28,0.0,11.5,38,38,10
211.1,51.5170828,31.3153682,49.994,0.16,0.0,11.5,38,38,10
211.6,51.5170816,31.3153682,49.991,0.29,0.0,11.5,38,37,10
212.2,51.5170802,31.3153684,49.986,0.2,0.0,11.5,37,37,10
